model,params,accuracy,precision,recall,f1,train_f1,f1_gap,tfidf,exp
lr,"{'C': 100, 'max_iter': 1000, 'random_state': 42}",0.9145183175033921,0.9155801281489232,0.9146367248695288,0.9148709908842079,0.9998306519898392,0.08495966110563136,base,tfidf
lr,"{'C': 100, 'max_iter': 1000, 'random_state': 42}",0.9009497964721844,0.9027581835150222,0.9010572415497564,0.9013628242842326,0.9998306519898392,0.0984678277056065,ngram12,tfidf
lr,"{'C': 100, 'max_iter': 1000, 'random_state': 42}",0.8792401628222524,0.8812833344947218,0.8791678284516335,0.8797456160681669,0.9978156710053521,0.11807005493718514,nohdr,tfidf
lr,"{'C': 100, 'max_iter': 1000, 'random_state': 42}",0.9138398914518318,0.9155254248751717,0.9139856448304722,0.9143718595369403,0.9998306519898392,0.08545879245289889,stem,tfidf
lr,"{'C': 100, 'max_iter': 1000, 'random_state': 42}",0.9158751696065128,0.9169991020295836,0.9160505694204212,0.9161756451529094,0.9998306515041688,0.0836550063512594,stop,tfidf
lr_sgd,"{'loss': 'log_loss', 'alpha': 1e-06, 'average': False, 'random_state': 42}",0.9172320217096337,0.9186282631903031,0.9173351396583177,0.9177915059807382,0.9998306519898392,0.082039146009101,base,tfidf
lr_sgd,"{'loss': 'log_loss', 'alpha': 1e-06, 'average': False, 'random_state': 42}",0.9023066485753052,0.9037986883917928,0.9024527607973188,0.9026627424093554,0.9998306519898392,0.0971679095804838,ngram12,tfidf
lr_sgd,"{'loss': 'log_loss', 'alpha': 1e-05, 'average': False, 'random_state': 42}",0.9016282225237447,0.903319278044506,0.9017053373586764,0.9020531673276,0.9996613037368436,0.0976081364092437,ngram12,tfidf
lr_sgd,"{'loss': 'log_loss', 'alpha': 1e-05, 'average': True, 'random_state': 42}",0.9009497964721844,0.9027298634092517,0.9010389175141746,0.9013889350718984,0.9996613037368436,0.0982723686649451,ngram12,tfidf
lr_sgd,"{'loss': 'log_loss', 'alpha': 1e-06, 'average': True, 'random_state': 42}",0.8995929443690638,0.9016789080266132,0.8997026616477941,0.9001430508396424,0.9998306519898392,0.0996876011501968,ngram12,tfidf
lr_sgd,"{'loss': 'log_loss', 'alpha': 0.0001, 'average': False, 'random_state': 42}",0.8819538670284939,0.8852200342667362,0.882087138556354,0.8827644585639429,0.9666428927626228,0.0838784341986799,ngram12,tfidf
lr_sgd,"{'loss': 'log_loss', 'alpha': 0.0001, 'average': True, 'random_state': 42}",0.8819538670284939,0.8847944222819164,0.8820916732924324,0.8826256407678406,0.967305447953357,0.0846798071855164,ngram12,tfidf
lr_sgd,"{'loss': 'log_loss', 'alpha': 0.001, 'average': False, 'random_state': 42}",0.830393487109905,0.8352098425434779,0.8304040754128815,0.8309972596452928,0.9023217814081084,0.0713245217628155,ngram12,tfidf
lr_sgd,"{'loss': 'log_loss', 'alpha': 0.001, 'average': True, 'random_state': 42}",0.8297150610583447,0.83130750872769,0.8299076148321272,0.828967290609649,0.9058928188031896,0.0769255281935407,ngram12,tfidf
lr_sgd,"{'loss': 'log_loss', 'alpha': 0.01, 'average': False, 'random_state': 42}",0.7842605156037992,0.7908631686158332,0.7842633930670744,0.7801317719251937,0.8373860046511157,0.057254232725922,ngram12,tfidf
lr_sgd,"{'loss': 'log_loss', 'alpha': 0.01, 'average': True, 'random_state': 42}",0.7829036635006784,0.7939896468463606,0.7829557197370434,0.7765220724387777,0.8242173104648295,0.0476952380260518,ngram12,tfidf
lr_sgd,"{'loss': 'log_loss', 'alpha': 1e-06, 'average': False, 'random_state': 42}",0.8812754409769336,0.8836624444558426,0.8811475836937662,0.8817042587026258,0.9978156710053521,0.11611141230272626,nohdr,tfidf
lr_sgd,"{'loss': 'log_loss', 'alpha': 1e-06, 'average': False, 'random_state': 42}",0.9097693351424695,0.911440190903799,0.9099087307370093,0.9104099978705044,0.9998306519898392,0.08942065411933486,stem,tfidf
lr_sgd,"{'loss': 'log_loss', 'alpha': 1e-05, 'average': True, 'random_state': 42}",0.9192672998643148,0.92022123406007,0.919433791054132,0.9195672008360988,0.999152246632302,0.0795850457962031,stop,tfidf
lr_sgd,"{'loss': 'log_loss', 'alpha': 1e-05, 'average': False, 'random_state': 42}",0.9165535956580732,0.9173253030651476,0.9167079802559144,0.9167651908043574,0.999152246632302,0.0823870558279447,stop,tfidf
lr_sgd,"{'loss': 'log_loss', 'alpha': 1e-06, 'average': False, 'random_state': 42}",0.9158751696065128,0.9171234658084528,0.916078214753705,0.9163335194532702,1.0,0.0836664805467297,stop,tfidf
lr_sgd,"{'loss': 'log_loss', 'alpha': 1e-06, 'average': True, 'random_state': 42}",0.9151967435549524,0.9168584364401482,0.9153412890991176,0.9157254558929638,1.0,0.0842745441070361,stop,tfidf
lr_sgd,"{'loss': 'log_loss', 'alpha': 0.0001, 'average': False, 'random_state': 42}",0.9056987788331072,0.9077018268060923,0.9058645561945596,0.906443283817158,0.9746180939255072,0.0681748101083491,stop,tfidf
lr_sgd,"{'loss': 'log_loss', 'alpha': 0.0001, 'average': True, 'random_state': 42}",0.9050203527815468,0.9070488809324048,0.905175089951632,0.9057269895766094,0.9746174345008788,0.0688904449242694,stop,tfidf
lr_sgd,"{'loss': 'log_loss', 'alpha': 0.001, 'average': True, 'random_state': 42}",0.8799185888738128,0.8822753176245636,0.8800468171419011,0.8798370873184241,0.928908368885008,0.0490712815665838,stop,tfidf
lr_sgd,"{'loss': 'log_loss', 'alpha': 0.001, 'average': False, 'random_state': 42}",0.8765264586160109,0.8779481879704096,0.8766347699191149,0.8766816489715421,0.9295151077576198,0.0528334587860777,stop,tfidf
lr_sgd,"{'loss': 'log_loss', 'alpha': 0.01, 'average': False, 'random_state': 42}",0.8568521031207599,0.8608726712175654,0.8568712123873086,0.8562809491885883,0.9020506093708246,0.0457696601822362,stop,tfidf
lr_sgd,"{'loss': 'log_loss', 'alpha': 0.01, 'average': True, 'random_state': 42}",0.8290366350067843,0.8529949955609728,0.8290243429619523,0.8276831659676482,0.8734016615458564,0.0457184955782081,stop,tfidf
mlp,"{'hidden_layer_sizes': (100,), 'alpha': 0.001, 'max_iter': 300, 'random_state': 42}",0.9185888738127544,0.9198631182035454,0.9187090437637654,0.9189705048103118,1.0,0.08102949518968816,base,tfidf
mlp,"{'hidden_layer_sizes': (100,), 'alpha': 0.001, 'max_iter': 300, 'random_state': 42}",0.9084124830393489,0.9105064512501804,0.9084899208043536,0.9088465644945944,1.0,0.0911534355054056,ngram12,tfidf
mlp,"{'hidden_layer_sizes': (100,), 'alpha': 0.001, 'max_iter': 300, 'random_state': 42}",0.8833107191316146,0.885757945609625,0.8832051723159952,0.883861312456577,0.99764363211405,0.1137823196574731,nohdr,tfidf
mlp,"{'hidden_layer_sizes': (100,), 'alpha': 0.001, 'max_iter': 300, 'random_state': 42}",0.9104477611940298,0.9118390568735846,0.9105186884657781,0.9106028102407301,0.9998306519898392,0.08922784174910914,stem,tfidf
mlp,"{'hidden_layer_sizes': (100,), 'alpha': 0.001, 'max_iter': 300, 'random_state': 42}",0.9151967435549524,0.916322250774942,0.9153304198309706,0.9155173184893848,1.0,0.0844826815106152,stop,tfidf
nb,{},0.8873812754409769,0.8894712904429856,0.8875672117222762,0.8880018954918988,0.9459205662326065,0.05791867074070767,base,tfidf
nb,{},0.8602442333785617,0.8625426248551313,0.860303452121982,0.8603989781596486,0.9263437163456576,0.06594473818600899,nohdr,tfidf
nb,{},0.8962008141112618,0.8985867423958613,0.8963227856877445,0.896541764659555,0.9469394746949387,0.050397710035383625,stem,tfidf
svm,"{'kernel': 'rbf', 'C': 1000, 'gamma': 'scale', 'random_state': 42}",0.9145183175033921,0.9173502638316412,0.9146133703607653,0.9154136436841653,1.0,0.08458635631583467,base,tfidf
svm,"{'kernel': 'rbf', 'C': 1000, 'gamma': 'scale', 'random_state': 42}",0.8975576662143826,0.90158484623577,0.8975798470053231,0.8986705683125304,1.0,0.1013294316874695,ngram12,tfidf
svm,"{'kernel': 'rbf', 'C': 1000, 'gamma': 'scale', 'random_state': 42}",0.8887381275440976,0.8936340091851509,0.8886048022663828,0.8900083979007288,0.9978005974553309,0.10779219955460206,nohdr,tfidf
svm,"{'kernel': 'rbf', 'C': 1000, 'gamma': 'scale', 'random_state': 42}",0.9206241519674355,0.9230006916702054,0.9206435692446941,0.9213516397468974,1.0,0.07864836025310262,stem,tfidf
svm,"{'kernel': 'rbf', 'C': 1000, 'gamma': 'scale', 'random_state': 42}",0.9158751696065128,0.9191801433585352,0.9159467074635372,0.916934614486678,1.0,0.0830653855133221,stop,tfidf
svm_sgd,"{'loss': 'hinge', 'alpha': 0.0001, 'average': False, 'random_state': 42}",0.9165535956580733,0.9166086885536643,0.91662411579201,0.9164056362803242,0.992550992860932,0.07614535658060773,base,tfidf
svm_sgd,"{'loss': 'hinge', 'alpha': 0.0001, 'average': True, 'random_state': 42}",0.9002713704206241,0.90085121513662,0.9003568401632377,0.9002076900594596,0.991530101072309,0.0913224110128494,ngram12,tfidf
svm_sgd,"{'loss': 'hinge', 'alpha': 1e-06, 'average': True, 'random_state': 42}",0.8995929443690638,0.90145535503039,0.8996265013089866,0.9000379909369853,0.9998306519898392,0.0997926610528538,ngram12,tfidf
svm_sgd,"{'loss': 'hinge', 'alpha': 1e-05, 'average': True, 'random_state': 42}",0.8989145183175034,0.9005747760602343,0.8989415093727962,0.8991688738551081,0.9998306519898392,0.1006617781347311,ngram12,tfidf
svm_sgd,"{'loss': 'hinge', 'alpha': 0.0001, 'average': False, 'random_state': 42}",0.898236092265943,0.8987749213642952,0.8983390689673844,0.8981354802116165,0.9920365182181357,0.0939010380065191,ngram12,tfidf
svm_sgd,"{'loss': 'hinge', 'alpha': 1e-06, 'average': False, 'random_state': 42}",0.8975576662143826,0.8990226598636848,0.8977029084699588,0.897784497000383,0.9998306519898392,0.1020461549894562,ngram12,tfidf
svm_sgd,"{'loss': 'hinge', 'alpha': 1e-05, 'average': False, 'random_state': 42}",0.89280868385346,0.8946711142618442,0.8928173839575866,0.8932148541879446,0.9998306519898392,0.1066157978018946,ngram12,tfidf
svm_sgd,"{'loss': 'hinge', 'alpha': 0.001, 'average': False, 'random_state': 42}",0.8826322930800543,0.8848575638023078,0.8827839961591559,0.8822191468673791,0.9489582066413226,0.0667390597739434,ngram12,tfidf
svm_sgd,"{'loss': 'hinge', 'alpha': 0.001, 'average': True, 'random_state': 42}",0.8799185888738128,0.882425366859459,0.8800812317593639,0.8797192015343043,0.9444645916863592,0.0647453901520549,ngram12,tfidf
svm_sgd,"{'loss': 'hinge', 'alpha': 0.01, 'average': False, 'random_state': 42}",0.8683853459972863,0.870926766266931,0.8685300816182794,0.8671207378979469,0.9315861225882432,0.0644653846902963,ngram12,tfidf
svm_sgd,"{'loss': 'hinge', 'alpha': 0.01, 'average': True, 'random_state': 42}",0.8154681139755766,0.8238384670154815,0.8157393619818414,0.8121897563431071,0.8783088743039886,0.0661191179608815,ngram12,tfidf
svm_sgd,"{'loss': 'hinge', 'alpha': 0.0001, 'average': False, 'random_state': 42}",0.8853459972862958,0.8865987071765193,0.8853023332262925,0.8851886077343785,0.9884787908634964,0.10329018312911797,nohdr,tfidf
svm_sgd,"{'loss': 'hinge', 'alpha': 0.0001, 'average': False, 'random_state': 42}",0.9131614654002713,0.9137293008734286,0.9132641244140516,0.9132014351073623,0.9930597326820887,0.0798582975747264,stem,tfidf
svm_sgd,"{'loss': 'hinge', 'alpha': 0.0001, 'average': True, 'random_state': 42}",0.917910447761194,0.9182809296967642,0.9180045395546014,0.9178680232235624,0.9928903674789206,0.0750223442553582,stop,tfidf
svm_sgd,"{'loss': 'hinge', 'alpha': 0.0001, 'average': False, 'random_state': 42}",0.9151967435549524,0.915657489727689,0.915315380596986,0.915237509347464,0.9933914568685284,0.0781539475210644,stop,tfidf
svm_sgd,"{'loss': 'hinge', 'alpha': 1e-05, 'average': True, 'random_state': 42}",0.9097693351424696,0.910685879809766,0.9098946354199418,0.910051479744704,0.9998306519898392,0.0897791722451352,stop,tfidf
svm_sgd,"{'loss': 'hinge', 'alpha': 1e-05, 'average': False, 'random_state': 42}",0.9063772048846676,0.9074643717575966,0.9065023430801324,0.906762731850146,0.9998306519898392,0.0930679201396932,stop,tfidf
svm_sgd,"{'loss': 'hinge', 'alpha': 1e-06, 'average': True, 'random_state': 42}",0.9056987788331072,0.9060068479579408,0.905834556620822,0.9056000734790024,0.9998306519898392,0.0942305785108368,stop,tfidf
svm_sgd,"{'loss': 'hinge', 'alpha': 0.001, 'average': False, 'random_state': 42}",0.9056987788331072,0.9064019748987516,0.9058372256516593,0.905114842393344,0.9557601560595992,0.050645313666255,stop,tfidf
svm_sgd,"{'loss': 'hinge', 'alpha': 1e-06, 'average': False, 'random_state': 42}",0.9016282225237447,0.902565911118844,0.9017421151289552,0.9017154519145884,1.0,0.0982845480854116,stop,tfidf
svm_sgd,"{'loss': 'hinge', 'alpha': 0.001, 'average': True, 'random_state': 42}",0.9016282225237447,0.9025627911807628,0.9017831728653536,0.9010988388121608,0.953233530648397,0.0521346918362363,stop,tfidf
svm_sgd,"{'loss': 'hinge', 'alpha': 0.01, 'average': False, 'random_state': 42}",0.8900949796472184,0.8916049647521568,0.8901481595281133,0.88832703807256,0.9386942183085888,0.0503671802360289,stop,tfidf
svm_sgd,"{'loss': 'hinge', 'alpha': 0.01, 'average': True, 'random_state': 42}",0.8751696065128901,0.8776524146326456,0.8752722982652905,0.8740309118168685,0.9218366428059648,0.0478057309890962,stop,tfidf
lr,"{'C': 100, 'max_iter': 1000, 'random_state': 42}",0.914518317503392,0.9155801281489232,0.9146367248695288,0.914870990884208,0.9998306519898392,0.0849596611056313,base,tuning
lr,"{'C': 100, 'max_iter': 2000, 'random_state': 42}",0.914518317503392,0.9155801281489232,0.9146367248695288,0.914870990884208,0.9998306519898392,0.0849596611056313,base,tuning
lr,"{'C': 10, 'max_iter': 1000, 'random_state': 42}",0.9131614654002712,0.914427662122296,0.9132956232461256,0.9135480424448896,0.9991528187617258,0.0856047763168361,base,tuning
lr,"{'C': 10, 'max_iter': 2000, 'random_state': 42}",0.9131614654002712,0.914427662122296,0.9132956232461256,0.9135480424448896,0.9991528187617258,0.0856047763168361,base,tuning
lr,"{'C': 1, 'max_iter': 1000, 'random_state': 42}",0.898236092265943,0.9010831478854257,0.8983954119011003,0.8991407249495728,0.9670127101701896,0.0678719852206169,base,tuning
lr,"{'C': 1, 'max_iter': 2000, 'random_state': 42}",0.898236092265943,0.9010831478854257,0.8983954119011003,0.8991407249495728,0.9670127101701896,0.0678719852206169,base,tuning
lr,"{'C': 0.1, 'max_iter': 1000, 'random_state': 42}",0.8419267299864315,0.849210607108662,0.8417755176397408,0.8433091375974862,0.9004445031521783,0.0571353655546921,base,tuning
lr,"{'C': 0.1, 'max_iter': 2000, 'random_state': 42}",0.8419267299864315,0.849210607108662,0.8417755176397408,0.8433091375974862,0.9004445031521783,0.0571353655546921,base,tuning
mlp,"{'hidden_layer_sizes': (100,), 'alpha': 0.001, 'max_iter': 300, 'random_state': 42}",0.9185888738127544,0.9198631182035454,0.9187090437637654,0.9189705048103118,,,base,tuning
mlp,"{'hidden_layer_sizes': (200,), 'alpha': 0.001, 'max_iter': 300, 'random_state': 42}",0.917910447761194,0.918957817266448,0.9179952274724416,0.9181444871691756,,,base,tuning
mlp,"{'hidden_layer_sizes': (200,), 'alpha': 0.01, 'max_iter': 300, 'random_state': 42}",0.9172320217096336,0.9189201058270696,0.9173868240190532,0.9178101430586342,,,base,tuning
mlp,"{'hidden_layer_sizes': (100,), 'alpha': 0.01, 'max_iter': 300, 'random_state': 42}",0.9172320217096336,0.9187199969867236,0.9173532168717348,0.9177409470837996,,,base,tuning
mlp,"{'hidden_layer_sizes': (200,), 'alpha': 0.0001, 'max_iter': 300, 'random_state': 42}",0.9172320217096336,0.918698809018809,0.9173713016240296,0.917667892628176,,,base,tuning
mlp,"{'hidden_layer_sizes': (50,), 'alpha': 0.0001, 'max_iter': 300, 'random_state': 42}",0.9165535956580732,0.9183305194773156,0.9167232675121988,0.917263904335039,,,base,tuning
mlp,"{'hidden_layer_sizes': (100,), 'alpha': 0.0001, 'max_iter': 300, 'random_state': 42}",0.9151967435549524,0.9164835888384236,0.915310667449684,0.9156344185622224,,,base,tuning
mlp,"{'hidden_layer_sizes': (100,), 'alpha': 0.1, 'max_iter': 300, 'random_state': 42}",0.914518317503392,0.91665675427964,0.9146467907401504,0.9151993362174108,,,base,tuning
mlp,"{'hidden_layer_sizes': (200,), 'alpha': 0.1, 'max_iter': 300, 'random_state': 42}",0.912483039348711,0.914119013857008,0.9126061582709464,0.9128952996421053,,,base,tuning
mlp,"{'hidden_layer_sizes': (50,), 'alpha': 0.1, 'max_iter': 300, 'random_state': 42}",0.912483039348711,0.9135170917403672,0.912600318617149,0.912774146349669,,,base,tuning
mlp,"{'hidden_layer_sizes': (50,), 'alpha': 0.01, 'max_iter': 300, 'random_state': 42}",0.912483039348711,0.9136397747960622,0.912572800447483,0.91275828958116,,,base,tuning
mlp,"{'hidden_layer_sizes': (50,), 'alpha': 0.001, 'max_iter': 300, 'random_state': 42}",0.9118046132971506,0.9133719117125884,0.9119428473185084,0.9123393814006736,,,base,tuning
mlp,"{'hidden_layer_sizes': (100, 50), 'alpha': 0.001, 'max_iter': 300, 'random_state': 42}",0.9097693351424696,0.9112213501278807,0.9099184985378604,0.910098518468961,,,base,tuning
mlp,"{'hidden_layer_sizes': (100, 50), 'alpha': 0.0001, 'max_iter': 300, 'random_state': 42}",0.9084124830393489,0.9100006379440468,0.9085454661689502,0.9087446547976128,,,base,tuning
mlp,"{'hidden_layer_sizes': (100, 50), 'alpha': 0.1, 'max_iter': 300, 'random_state': 42}",0.8989145183175034,0.9001826129159494,0.8990662518603205,0.8991875115440262,,,base,tuning
mlp,"{'hidden_layer_sizes': (100, 50), 'alpha': 0.01, 'max_iter': 300, 'random_state': 42}",0.8839891451831751,0.8889599679376696,0.8841584688941838,0.8853253234210572,,,base,tuning
svm,"{'kernel': 'rbf', 'C': 1000, 'gamma': 'scale', 'random_state': 42}",0.914518317503392,0.9173502638316412,0.9146133703607652,0.9154136436841652,,,base,tuning
svm,"{'kernel': 'rbf', 'C': 1000, 'gamma': 1, 'random_state': 42}",0.914518317503392,0.9173502638316412,0.9146133703607652,0.9154136436841652,,,base,tuning
svm,"{'kernel': 'rbf', 'C': 100, 'gamma': 'scale', 'random_state': 42}",0.9138398914518318,0.9167840884046085,0.9139376946850896,0.9147684180760682,,,base,tuning
svm,"{'kernel': 'rbf', 'C': 100, 'gamma': 1, 'random_state': 42}",0.9138398914518318,0.9167840884046085,0.9139376946850896,0.9147684180760682,,,base,tuning
svm,"{'kernel': 'rbf', 'C': 10, 'gamma': 'scale', 'random_state': 42}",0.9131614654002712,0.9161783963971556,0.9132620190094138,0.9141103535482886,,,base,tuning
svm,"{'kernel': 'rbf', 'C': 10, 'gamma': 1, 'random_state': 42}",0.9131614654002712,0.9161783963971556,0.9132620190094138,0.9141103535482886,,,base,tuning
svm,"{'kernel': 'rbf', 'C': 1000, 'gamma': 0.1, 'random_state': 42}",0.9111261872455902,0.9140098029309348,0.911316057307423,0.911947694330539,,,base,tuning
svm,"{'kernel': 'linear', 'C': 1000, 'random_state': 42}",0.9111261872455902,0.9135631240928472,0.9112838180426618,0.9117743778700091,,,base,tuning
svm,"{'kernel': 'linear', 'C': 100, 'random_state': 42}",0.9104477611940298,0.9129868417226754,0.9106219946313276,0.9111650907992528,,,base,tuning
svm,"{'kernel': 'rbf', 'C': 100, 'gamma': 0.1, 'random_state': 42}",0.9090909090909092,0.9120553613332404,0.909289093245234,0.9099336942232114,,,base,tuning
svm,"{'kernel': 'rbf', 'C': 10, 'gamma': 0.1, 'random_state': 42}",0.9077340569877884,0.9107277441227138,0.9078868663048466,0.9086830275108566,,,base,tuning
svm,"{'kernel': 'linear', 'C': 10, 'random_state': 42}",0.907055630936228,0.9096677313171062,0.9072298269534456,0.9078025697823476,,,base,tuning
svm,"{'kernel': 'rbf', 'C': 1, 'gamma': 'scale', 'random_state': 42}",0.9043419267299864,0.9077300753298044,0.904412203722282,0.9054427308988549,,,base,tuning
svm,"{'kernel': 'rbf', 'C': 1, 'gamma': 1, 'random_state': 42}",0.9043419267299864,0.9076745880994874,0.9044168001554498,0.905415552777467,,,base,tuning
svm,"{'kernel': 'linear', 'C': 1, 'random_state': 42}",0.9023066485753052,0.905239594326384,0.9023972274869416,0.9033387511544752,,,base,tuning
svm,"{'kernel': 'rbf', 'C': 1000, 'gamma': 'auto', 'random_state': 42}",0.8907734056987788,0.8958250407685224,0.8908601806445249,0.8923144236919303,,,base,tuning
svm,"{'kernel': 'rbf', 'C': 1, 'gamma': 0.1, 'random_state': 42}",0.8609226594301221,0.874700625393085,0.8610073969509144,0.8649812488877033,,,base,tuning
svm,"{'kernel': 'linear', 'C': 0.1, 'random_state': 42}",0.8120759837177748,0.8476148414717196,0.8119484589998516,0.8216234229634474,,,base,tuning
svm,"{'kernel': 'rbf', 'C': 100, 'gamma': 'auto', 'random_state': 42}",0.7306648575305291,0.7933822774161815,0.7298210499856976,0.7364383913469628,,,base,tuning
svm,"{'kernel': 'rbf', 'C': 0.1, 'gamma': 'scale', 'random_state': 42}",0.6953867028493894,0.7919267820604875,0.6945620600965825,0.69972788235537,,,base,tuning
svm,"{'kernel': 'rbf', 'C': 0.1, 'gamma': 1, 'random_state': 42}",0.6940298507462687,0.7932328305546703,0.6931874759877886,0.6992082068434122,,,base,tuning
svm,"{'kernel': 'rbf', 'C': 0.1, 'gamma': 0.1, 'random_state': 42}",0.1472184531886024,0.6106609808102346,0.1454824032418328,0.0959132554813954,,,base,tuning
svm,"{'kernel': 'rbf', 'C': 0.1, 'gamma': 'auto', 'random_state': 42}",0.1017639077340569,0.0101763907734056,0.1,0.0184729064039408,,,base,tuning
svm,"{'kernel': 'rbf', 'C': 1, 'gamma': 'auto', 'random_state': 42}",0.1017639077340569,0.0101763907734056,0.1,0.0184729064039408,,,base,tuning
svm,"{'kernel': 'rbf', 'C': 10, 'gamma': 'auto', 'random_state': 42}",0.1017639077340569,0.0101763907734056,0.1,0.0184729064039408,,,base,tuning
